{
  "nextflow": {
    "n": 15,
    "median": 0.8324873096446701,
    "ci95_lo": 0.7142857142857143,
    "ci95_hi": 0.9142857142857144
  },
  "pegasus": {
    "n": 135,
    "median": 0.5589430894308943,
    "ci95_lo": 0.5497512437810945,
    "ci95_hi": 0.6492483894058697
  },
  "snakemake/RASflow": {
    "n": 7,
    "median": 0.49019607843137253,
    "ci95_lo": 0.42574257425742573,
    "ci95_hi": 0.5967741935483871
  },
  "snakemake/rna-seq-star-deseq2": {
    "n": 6,
    "median": 0.7148735447611401,
    "ci95_lo": 0.5919753086419753,
    "ci95_hi": 0.774609843937575
  },
  "snakemake/varlociraptor": {
    "n": 8,
    "median": 0.9842151409852291,
    "ci95_lo": 0.9645669291338582,
    "ci95_hi": 0.9966859983429992
  },
  "all": {
    "n": 171,
    "median": 0.6319376141632711,
    "ci95_lo": 0.5574912891986062,
    "ci95_hi": 0.6631663974151858
  }
}