{
  "platform": "Windows 11",
  "python": "3.13",
  "algorithm": "DM (Kuhn+Tarjan)",
  "h_grid": [
    10,
    25,
    50,
    100,
    200,
    300,
    400,
    500
  ],
  "n_reps": 30,
  "er_build": {
    "10": {
      "median_ms": 0.3020000003743917,
      "mean_ms": 0.316943333321736,
      "std_ms": 0.07452479532555462,
      "p05_ms": 0.2164850004191976,
      "p95_ms": 0.4440249997969658,
      "n_reps": 30,
      "raw_ms": [
        0.19919999976991676,
        0.21230000129435211,
        0.22159999934956431,
        0.22189999981492292,
        0.22900000112713315,
        0.2485999993950827,
        0.2507999997760635,
        0.26509999952395447,
        0.26559999969322234,
        0.2716999988479074,
        0.2720000011322554,
        0.2808999997796491,
        0.28139999994891696,
        0.2817999993567355,
        0.2905000001192093,
        0.31350000062957406,
        0.318899999911082,
        0.3298999999969965,
        0.3434999998717103,
        0.3494000011414755,
        0.35260000004200265,
        0.37659999907191377,
        0.3802999999606982,
        0.3847999996651197,
        0.3866000006382819,
        0.41120000059891026,
        0.4208999998809304,
        0.43000000005122274,
        0.4554999995889375,
        0.4621999996743398
      ]
    },
    "25": {
      "median_ms": 2.0992999998270534,
      "mean_ms": 2.1344900000864677,
      "std_ms": 0.27711975063745686,
      "p05_ms": 1.7074400006094947,
      "p95_ms": 2.6180950002526515,
      "n_reps": 30,
      "raw_ms": [
        1.647400000365451,
        1.6799000004539266,
        1.7411000007996336,
        1.7594000000826782,
        1.7797000000427943,
        1.7941999994945945,
        1.8297000005986774,
        1.9712000012077624,
        2.0268000007490627,
        2.041899999312591,
        2.0629000009648735,
        2.0683999991888413,
        2.080599999317201,
        2.0905999990645796,
        2.094399998895824,
        2.104200000758283,
        2.1471000000019558,
        2.184599999964121,
        2.2078999991208548,
        2.2723000001860783,
        2.2795999993832083,
        2.3145000013755634,
        2.354300000661169,
        2.3617999995622085,
        2.380300000368152,
        2.4150000008376082,
        2.4484000005031703,
        2.5746999999682885,
        2.653600000485312,
        2.6681999988795724
      ]
    },
    "50": {
      "median_ms": 9.348100000352133,
      "mean_ms": 9.302939999967444,
      "std_ms": 0.6224191434069168,
      "p05_ms": 8.456410000781034,
      "p95_ms": 10.292434999064426,
      "n_reps": 30,
      "raw_ms": [
        7.928100001663552,
        8.41240000045218,
        8.510200001182966,
        8.57480000013311,
        8.591899999373709,
        8.688600000823499,
        8.732899999813526,
        8.739400000195019,
        8.8675000006333,
        8.898299998691073,
        8.98369999958959,
        9.169400000246242,
        9.215399999447982,
        9.239400000296882,
        9.32690000081493,
        9.369299999889336,
        9.442399999898043,
        9.487999999691965,
        9.500399999524234,
        9.549200000037672,
        9.582299999237875,
        9.626499999285443,
        9.765299999344279,
        9.876000000076601,
        9.8811999996542,
        9.976699999242555,
        9.979700000258163,
        10.182599999097874,
        10.382299999037059,
        10.607400001390488
      ]
    },
    "100": {
      "median_ms": 39.86509999958798,
      "mean_ms": 39.92270666682695,
      "std_ms": 1.755479242757052,
      "p05_ms": 37.44881500115298,
      "p95_ms": 43.35141500005193,
      "n_reps": 30,
      "raw_ms": [
        36.92300000147952,
        36.946300000636256,
        38.06300000178453,
        38.18630000023404,
        38.23069999998552,
        38.386300000638585,
        38.40999999920314,
        38.41160000047239,
        38.543399999980466,
        38.75239999979385,
        38.971899999523885,
        39.298100000451086,
        39.41999999915424,
        39.55350000069302,
        39.8194000008516,
        39.910799998324364,
        40.084700000079465,
        40.12390000025334,
        40.208200000051875,
        40.324499999769614,
        40.45050000058836,
        40.54120000000694,
        40.64030000154162,
        41.01180000179738,
        41.77249999884225,
        42.07250000035856,
        42.3847999991267,
        43.297899999743095,
        43.39520000030461,
        43.54649999913818
      ]
    },
    "200": {
      "median_ms": 171.77900000024238,
      "mean_ms": 171.3700966666996,
      "std_ms": 5.711321472437625,
      "p05_ms": 162.12675499891702,
      "p95_ms": 177.49235500023133,
      "n_reps": 30,
      "raw_ms": [
        160.9388000015315,
        162.02329999941867,
        162.2531999983039,
        164.99060000023746,
        165.0307999989309,
        165.52430000047025,
        165.72050000104355,
        166.239800000767,
        167.9163000007975,
        168.64709999936167,
        169.74239999944984,
        169.85589999967488,
        170.1610999989498,
        170.98629999964032,
        171.60150000017893,
        171.95650000030582,
        173.07760000039707,
        173.12130000027537,
        173.37620000034804,
        174.2819999999483,
        175.19530000026862,
        175.21990000022925,
        175.59390000133135,
        175.6771000000299,
        176.00649999985762,
        176.55120000017632,
        176.93519999920682,
        177.2184000001289,
        177.71650000031514,
        187.54339999941294
      ]
    },
    "300": {
      "median_ms": 400.63465000002907,
      "mean_ms": 400.8410333332601,
      "std_ms": 9.929754167313023,
      "p05_ms": 386.7508750005072,
      "p95_ms": 414.79353499917124,
      "n_reps": 30,
      "raw_ms": [
        383.10829999863927,
        386.6287000000739,
        386.90020000103686,
        388.77359999969485,
        391.1387999996805,
        391.34500000000116,
        392.9184999997233,
        392.99660000142467,
        393.5877000003529,
        394.2229000003863,
        396.11259999946924,
        396.4309000002686,
        398.41709999927843,
        398.6660999999003,
        398.6832999999024,
        402.58600000015576,
        403.9186999998492,
        403.9919999995618,
        404.2996000007406,
        404.4546999994054,
        405.0972000004549,
        405.77980000125535,
        406.02509999916947,
        406.1285999996471,
        409.62430000035965,
        412.36709999975574,
        413.5103999997227,
        414.59349999968254,
        414.9571999987529,
        427.9664999994566
      ]
    },
    "400": {
      "median_ms": 751.5459500009456,
      "mean_ms": 749.8383066670309,
      "std_ms": 19.14298105544249,
      "p05_ms": 720.1285349997306,
      "p95_ms": 775.9171450000395,
      "n_reps": 30,
      "raw_ms": [
        708.7991000007605,
        716.4140999993833,
        724.6684000001551,
        726.1242000004131,
        726.7607000012504,
        726.8189000005805,
        727.8253000004042,
        737.573300000804,
        739.4289000003482,
        741.7303999991418,
        744.8786000004475,
        746.6377000000648,
        748.0274000008649,
        749.8333000003186,
        750.5890000011277,
        752.5029000007635,
        754.1264999999839,
        757.6468000006571,
        757.7780999999959,
        758.8303000011365,
        760.8751000007032,
        760.894000000917,
        762.6878000010038,
        764.2508999997517,
        767.8598999991664,
        769.1524000001664,
        769.3538000003173,
        770.2895999991597,
        780.5215000007593,
        792.2703000003821
      ]
    },
    "500": {
      "median_ms": 1224.9677499994505,
      "mean_ms": 1219.0829666664893,
      "std_ms": 22.37060744803858,
      "p05_ms": 1177.2199449995242,
      "p95_ms": 1246.1906200002886,
      "n_reps": 30,