{
  "r": [
    0.1,
    0.2,
    0.3,
    0.4,
    0.5,
    0.6,
    0.7,
    0.8,
    0.9
  ],
  "ER": [
    0.965,
    0.92625,
    0.885,
    0.8374999999999999,
    0.7775000000000001,
    0.7075,
    0.625,
    0.51125,
    0.3375
  ],
  "real": [
    0.9724310776942355,
    0.9349470499243571,
    0.8846153846153846,
    0.8351648351648352,
    0.7875874125874125,
    0.7427884615384616,
    0.6363636363636364,
    0.4965575382886047,
    0.26232741617357
  ],
  "sub": [
    null,
    null,
    1.0,
    null,
    0.875,
    null,
    0.8,
    null,
    0.6
  ],
  "curated": [
    1.0,
    0.9333333333333333,
    0.9333333333333333,
    0.8888888888888888,
    0.8571428571428571,
    0.8333333333333334,
    0.8333333333333334,
    0.7777777777777778,
    0.6666666666666666
  ],
  "BA": [
    1.0,
    1.0,
    1.0,
    1.0,
    0.9975,
    0.995,
    0.9875,
    0.93125,
    0.6325
  ],
  "curated_individual": {
    "rnaseq": {
      "0.3": 0.9444444444444444,
      "0.5": 0.8333333333333334,
      "0.7": 0.8333333333333334,
      "0.9": 0.6666666666666666
    },
    "airrflow": {
      "0.3": 0.9333333333333333,
      "0.5": 0.9333333333333333,
      "0.7": 0.8666666666666667,
      "0.9": 0.8
    },
    "sarek": {
      "0.3": 0.9411764705882353,
      "0.5": 0.9411764705882353,
      "0.7": 0.8823529411764706,
      "0.9": 0.6470588235294118
    },
    "atacseq": {
      "0.3": 0.9285714285714286,
      "0.5": 0.8571428571428571,
      "0.7": 0.7857142857142857,
      "0.9": 0.6428571428571429
    },
    "chipseq": {
      "0.3": 0.9230769230769231,
      "0.5": 0.8461538461538461,
      "0.7": 0.7692307692307693,
      "0.9": 0.6923076923076923
    }
  },
  "__meta__": {
    "fix_note": "R11/A04-G1: ER uses p* = 2*d_bar/(n-1) with d_bar=1.5",
    "n_synth": 200,
    "p_er": 0.01507537688442211
  }
}