{
  "platform": "Windows 11",
  "python": "3.13",
  "algorithm": "DM (Hopcroft-Karp+Tarjan)",
  "h_grid": [
    10,
    25,
    50,
    100,
    200,
    300,
    400,
    500
  ],
  "n_reps": 30,
  "er_build": {
    "10": {
      "median_ms": 0.011650001397356391,
      "mean_ms": 0.011676667296948532,
      "std_ms": 0.0005613604196809363,
      "p05_ms": 0.010790002852445468,
      "p95_ms": 0.012765009887516499,
      "n_reps": 30,
      "raw_ms": [
        0.010499992640689015,
        0.010700008715502918,
        0.010899995686486363,
        0.0109999964479357,
        0.011099997209385037,
        0.011199997970834374,
        0.011199997970834374,
        0.011299998732283711,
        0.011399999493733048,
        0.011399999493733048,
        0.011500000255182385,
        0.011599986464716494,
        0.011600001016631722,
        0.011600001016631722,
        0.011600001016631722,
        0.01170000177808106,
        0.011800002539530396,
        0.011800002539530396,
        0.011800002539530396,
        0.011899988749064505,
        0.011900003300979733,
        0.01200000406242907,
        0.01200000406242907,
        0.012099990271963179,
        0.012100004823878407,
        0.012100004823878407,
        0.012100004823878407,
        0.012600008631125093,
        0.012900010915473104,
        0.012900010915473104
      ]
    },
    "25": {
      "median_ms": 0.05680000322172418,
      "mean_ms": 0.056966665821770825,
      "std_ms": 0.0032739721205592457,
      "p05_ms": 0.05334499874152243,
      "p95_ms": 0.06347000307869166,
      "n_reps": 30,
      "raw_ms": [
        0.053099996875971556,
        0.05329999839887023,
        0.05339999916031957,
        0.05339999916031957,
        0.053800002206116915,
        0.05399998917710036,
        0.05400000372901559,
        0.05400000372901559,
        0.05439999222289771,
        0.05459999374579638,
        0.05529999907594174,
        0.05570000212173909,
        0.0557999883312732,
        0.05670000973623246,
        0.05679999594576657,
        0.0568000104976818,
        0.056899996707215905,
        0.056900011259131134,
        0.05700001202058047,
        0.05789998976979405,
        0.057999990531243384,
        0.05800000508315861,
        0.05819999205414206,
        0.05819999205414206,
        0.05909999890718609,
        0.05950000195298344,
        0.060399994254112244,
        0.06269999721553177,
        0.06410000787582248,
        0.0670000008540228
      ]
    },
    "50": {
      "median_ms": 0.21719999494962394,
      "mean_ms": 0.2162699995096773,
      "std_ms": 0.012091074806323217,
      "p05_ms": 0.19605499546742067,
      "p95_ms": 0.23109999747248366,
      "n_reps": 30,
      "raw_ms": [
        0.1883000077214092,
        0.1942999952007085,
        0.1981999957934022,
        0.20090000180061907,
        0.20360000780783594,
        0.20710000535473228,
        0.20759999461006373,
        0.2091000060318038,
        0.20969999604858458,
        0.21019999985583127,
        0.21220000053290278,
        0.21340000967029482,
        0.21389999892562628,
        0.21489999198820442,
        0.21639998885802925,
        0.21800000104121864,
        0.2184999902965501,
        0.22020000324118882,
        0.22069999249652028,
        0.22139999782666564,
        0.221800000872463,
        0.22329999774228781,
        0.2246000076411292,
        0.22589998843614012,
        0.22699999681208283,
        0.2297000028192997,
        0.22980000358074903,
        0.2300000051036477,
        0.231999991228804,
        0.24540000595152378
      ]
    },
    "100": {
      "median_ms": 0.8393000025535002,
      "mean_ms": 0.8629433340198981,
      "std_ms": 0.10911754620674205,
      "p05_ms": 0.7744250033283606,
      "p95_ms": 1.1474350096250416,
      "n_reps": 30,
      "raw_ms": [
        0.7733999955235049,
        0.7742000016150996,
        0.7747000054223463,
        0.7774999976390973,
        0.7821000035619363,
        0.7917000039014965,
        0.7922999939182773,
        0.8157999982358888,
        0.8187000057660043,
        0.8207999926526099,
        0.8263999916380271,
        0.8295000006910414,
        0.8303999929921702,
        0.8377000049222261,
        0.8392000017920509,
        0.8394000033149496,
        0.8422999962931499,
        0.8429000008618459,
        0.8443999977316707,
        0.8449000015389174,
        0.8469000022159889,
        0.8536999957868829,
        0.8560999995097518,
        0.8594999962951988,
        0.8764000085648149,
        0.8871000027284026,
        0.8950000046752393,
        1.1003000108757988,
        1.1860000086016953,
        1.22900000133086
      ]
    },
    "200": {
      "median_ms": 3.1813499954296276,
      "mean_ms": 3.19018333296602,
      "std_ms": 0.10167763048803335,
      "p05_ms": 3.0557100020814687,
      "p95_ms": 3.3739749975211453,
      "n_reps": 30,
      "raw_ms": [
        3.024300007382408,
        3.0522000015480444,
        3.0600000027334318,
        3.06319999799598,
        3.083400006289594,
        3.089299993007444,
        3.089999998337589,
        3.0981000018073246,
        3.110800011199899,
        3.1301000126404688,
        3.1386999908136204,
        3.15509999927599,
        3.1716999947093427,
        3.1768999906489626,
        3.1773999944562092,
        3.185299996403046,
        3.187800000887364,
        3.1887999939499423,
        3.216400000383146,
        3.218500001821667,
        3.2202000002143905,
        3.234899995732121,
        3.2617999968351796,
        3.27209998795297,
        3.2885000109672546,
        3.322200005641207,
        3.356000001076609,
        3.3703999943099916,
        3.376900000148453,
        3.3844999998109415
      ]
    },
    "300": {
      "median_ms": 7.014700007857755,
      "mean_ms": 7.158619998760211,
      "std_ms": 0.4293911055858438,
      "p05_ms": 6.771284995920723,
      "p95_ms": 7.933279993449105,
      "n_reps": 30,
      "raw_ms": [
        6.6282999905524775,
        6.7706999980146065,
        6.771999993361533,
        6.812999999965541,
        6.820100010372698,
        6.8346999905770645,
        6.874299986520782,
        6.891000011819415,
        6.904699999722652,
        6.916099999216385,
        6.927800000994466,
        6.952399999136105,
        6.957999998121522,
        6.971000009798445,
        7.010800007265061,
        7.0186000084504485,
        7.048999992548488,
        7.058099989080802,
        7.1127999981399626,
        7.114599997294135,
        7.2062999970512465,
        7.290500012459233,
        7.369600003585219,
        7.388899990473874,
        7.412999999360181,
        7.46509998862166,
        7.67690000066068,
        7.866399988415651,
        7.987999997567385,
        8.695900003658608
      ]
    },
    "400": {
      "median_ms": 13.178549997974187,
      "mean_ms": 13.222529999135682,
      "std_ms": 0.37963353552001505,
      "p05_ms": 12.688740000885446,
      "p95_ms": 13.930959993740544,
      "n_reps": 30,
      "raw_ms": [
        12.53589999396354,
        12.560400005895644,
        12.84559999476187,
        12.86930000060238,
        12.878299996373244,
        12.889500008895993,
        12.897299995529465,
        12.898599990876392,
        12.899399996967986,
        12.937899999087676,
        13.022700004512444,
        13.12260000850074,
        13.130600011209026,
        13.166499993531033,
        13.171300000976771,
        13.185799994971603,
        13.228800002252683,
        13.253500001155771,
        13.281000006827526,
        13.326799991773441,
        13.35149999067653,
        13.423500000499189,
        13.48860000143759,
        13.498699991032481,
        13.514999998733401,
        13.648199994349852,
        13.761599999270402,
        13.804899994283915,
        14.034099993295968,
        14.048000011825934
      ]
    },
    "500": {
      "median_ms": 20.88864999677753,
      "mean_ms": 20.94179666795147,