{
  "alpha": 1.0,
  "grid": [
    10,
    16,
    24,
    36,
    54,
    80,
    120
  ],
  "n_reps": 8,
  "medians_ms": [
    0.01610000617802143,
    0.05699999746866524,
    0.1500000071246177,
    0.4690999921876937,
    1.6050999984145164,
    4.80039999820292,
    16.107400006148964
  ],
  "a": 2.7815781163812567,
  "R2": 0.9988829028104054
}