{
  "alpha": 1.0,
  "grid": [
    8,
    12,
    16,
    20,
    28,
    40,
    56
  ],
  "n_reps": 8,
  "medians_ms": [
    1.1249000090174377,
    4.663800005801022,
    13.56099999975413,
    31.94490005262196,
    107.27579996455461,
    432.3518000310287,
    1495.502999983728
  ],
  "a": 3.71343363134269,
  "R2": 0.9998015371383149
}